threshold,precision,recall
0.3630506694316864,0.5205673758865248,1.0
0.3740701377391815,0.5209368346344926,1.0
0.3748566806316376,0.5213068181818182,1.0
0.375982403755188,0.5209665955934613,0.9986376021798365
0.3763991594314575,0.5206258890469416,0.997275204359673
0.3769061267375946,0.5209964412811388,0.997275204359673
0.37732017040252686,0.5213675213675214,0.997275204359673
0.37755998969078064,0.5217391304347826,0.997275204359673
0.37872961163520813,0.521398002853067,0.9959128065395095
0.3789007365703583,0.5217701641684511,0.9959128065395095
0.37944725155830383,0.5221428571428571,0.9959128065395095
0.37979039549827576,0.5225160829163689,0.9959128065395095
0.38022881746292114,0.522889842632332,0.9959128065395095
0.38048067688941956,0.5232641374373658,0.9959128065395095
0.3807387351989746,0.5229226361031518,0.9945504087193461
0.3807537257671356,0.5225806451612903,0.9931880108991825
0.38077136874198914,0.5229555236728838,0.9931880108991825
0.3811520040035248,0.5233309404163675,0.9931880108991825
0.38129156827926636,0.5237068965517241,0.9931880108991825
0.381830632686615,0.5240833932422717,0.9931880108991825
0.3819584846496582,0.5237410071942447,0.9918256130790191
0.3824484646320343,0.5241180705543557,0.9918256130790191
0.3834455907344818,0.524873828406633,0.9918256130790191
0.38415446877479553,0.5245310245310245,0.9904632152588556
0.3851732313632965,0.524187725631769,0.989100817438692
0.38533616065979004,0.5245664739884393,0.989100817438692
0.3854812979698181,0.5242227042660882,0.9877384196185286
0.38663873076438904,0.5238784370477568,0.9863760217983651
0.38690122961997986,0.5242577842143374,0.9863760217983651
0.38725796341896057,0.5246376811594203,0.9863760217983651
0.3875402510166168,0.5242929659173314,0.9850136239782016
0.3879176080226898,0.5239477503628447,0.9836512261580381
0.38838621973991394,0.524328249818446,0.9836512261580381
0.38865843415260315,0.5247093023255814,0.9836512261580381
0.388889878988266,0.525090909090909,0.9836512261580381
0.38908639550209045,0.5258557902403496,0.9836512261580381
0.3895176351070404,0.5262390670553936,0.9836512261580381
0.390215665102005,0.525893508388038,0.9822888283378747
0.3903604745864868,0.5255474452554745,0.9809264305177112
0.39051008224487305,0.5259313367421475,0.9809264305177112
0.3909502923488617,0.5263157894736842,0.9809264305177112
0.3911488652229309,0.5267008046817849,0.9809264305177112
0.39131882786750793,0.5267399267399268,0.9795640326975477
0.3917521834373474,0.5263929618768328,0.9782016348773842
0.3918183445930481,0.5267791636096845,0.9782016348773842
0.39269188046455383,0.527165932452276,0.9782016348773842
0.3928166627883911,0.5275532696546656,0.9782016348773842
0.393226683139801,0.5272058823529412,0.9768392370572208
0.39330384135246277,0.5268579838116262,0.9754768392370572
0.3937980830669403,0.5272459499263623,0.9754768392370572
0.39422285556793213,0.528023598820059,0.9754768392370572
0.39442259073257446,0.5284132841328413,0.9754768392370572
0.3945888876914978,0.5288035450516987,0.9754768392370572
0.39545589685440063,0.5291943828529194,0.9754768392370572
0.39547833800315857,0.5295857988165681,0.9754768392370572
0.3957260549068451,0.5303703703703704,0.9754768392370572
0.39587947726249695,0.530763528539659,0.9754768392370572
0.39603713154792786,0.5311572700296736,0.9754768392370572
0.3961036801338196,0.5315515961395694,0.9754768392370572
0.3963172137737274,0.5319465081723626,0.9754768392370572
0.3964001536369324,0.5323420074349442,0.9754768392370572
0.39684852957725525,0.5327380952380952,0.9754768392370572
0.3970355987548828,0.5331347728965004,0.9754768392370572
0.3971741199493408,0.533532041728763,0.9754768392370572
0.39742791652679443,0.5339299030574198,0.9754768392370572
0.39745232462882996,0.5343283582089552,0.9754768392370572
0.3981880247592926,0.5339805825242718,0.9741144414168937
0.39827728271484375,0.5343796711509716,0.9741144414168937
0.398372620344162,0.5340314136125655,0.9727520435967303
0.3983727991580963,0.5344311377245509,0.9727520435967303
0.3987468481063843,0.5348314606741573,0.9727520435967303
0.3988012969493866,0.5352323838080959,0.9727520435967303
0.3990802466869354,0.5356339084771192,0.9727520435967303
0.3992740213871002,0.536036036036036,0.9727520435967303
0.3994654417037964,0.535687453042825,0.9713896457765667
0.39952075481414795,0.5364936042136945,0.9713896457765667
0.3996337056159973,0.5368975903614458,0.9713896457765667
0.39977285265922546,0.5365486058779201,0.9700272479564033
0.39992138743400574,0.5369532428355958,0.9700272479564033
0.39995095133781433,0.5373584905660377,0.9700272479564033
0.4001689851284027,0.5377643504531722,0.9700272479564033
0.4002178907394409,0.5374149659863946,0.9686648501362398
0.4003009796142578,0.537821482602118,0.9686648501362398
0.40033894777297974,0.538228614685844,0.9686648501362398
0.4004610478878021,0.539453717754173,0.9686648501362398
0.4007077217102051,0.5391040242976461,0.9673024523160763
0.40086445212364197,0.5395136778115501,0.9673024523160763
0.4010004997253418,0.5399239543726235,0.9673024523160763
0.40110358595848083,0.5403348554033486,0.9673024523160763
0.4012937545776367,0.5407463823305407,0.9673024523160763
0.4015921652317047,0.5403963414634146,0.9659400544959128
0.40171611309051514,0.540045766590389,0.9645776566757494
0.40202659368515015,0.5408708938120703,0.9645776566757494
0.40243569016456604,0.5412844036697247,0.9645776566757494
0.4025101661682129,0.541698546289212,0.9645776566757494
0.40258002281188965,0.5421133231240429,0.9645776566757494
0.40273091197013855,0.5425940138142747,0.9632152588555858
0.40280023217201233,0.543010752688172,0.9632152588555858
0.40294891595840454,0.5434281322059954,0.9632152588555858
0.40301138162612915,0.5438461538461539,0.9632152588555858
0.4031656086444855,0.544264819091609,0.9632152588555858
0.4033834934234619,0.5446841294298922,0.9632152588555858
0.40354645252227783,0.5451040863531226,0.9632152588555858
0.40368297696113586,0.5455246913580247,0.9632152588555858
0.40369758009910583,0.5459459459459459,0.9632152588555858
0.4037018418312073,0.5463678516228748,0.9632152588555858
0.4037266969680786,0.5467904098994586,0.9632152588555858
0.4038795828819275,0.5472136222910217,0.9632152588555858
0.40395036339759827,0.5476374903175832,0.9632152588555858
0.4039856195449829,0.5472868217054263,0.9618528610354223
0.4044971764087677,0.5469356089992242,0.9604904632152589
0.40473878383636475,0.547360248447205,0.9604904632152589
0.40477386116981506,0.5470085470085471,0.9591280653950953
0.40498748421669006,0.5466562986003111,0.9577656675749319
0.405390202999115,0.5470817120622569,0.9577656675749319
0.40549248456954956,0.5467289719626168,0.9564032697547684
0.40588051080703735,0.5463756819953235,0.9550408719346049
0.40588968992233276,0.546801872074883,0.9550408719346049
0.4059499502182007,0.5472287275565965,0.9550408719346049
0.4062351584434509,0.54765625,0.9550408719346049
0.40623751282691956,0.5480844409695075,0.9550408719346049
0.4063061475753784,0.5485133020344288,0.9550408719346049
0.4064590036869049,0.5489428347689899,0.9550408719346049
0.4065772593021393,0.549373040752351,0.9550408719346049
0.4066407382488251,0.5498039215686275,0.9550408719346049
0.40685412287712097,0.5502354788069074,0.9550408719346049
0.4071855843067169,0.5506677140612726,0.9550408719346049
0.40733033418655396,0.5511006289308176,0.9550408719346049
0.4077553451061249,0.5515342250196695,0.9550408719346049
0.40813228487968445,0.5519685039370079,0.9550408719346049
0.40832439064979553,0.5524034672970843,0.9550408719346049
0.4084601402282715,0.55327545382794,0.9550408719346049
0.40847429633140564,0.5533596837944664,0.9536784741144414
0.4085487127304077,0.5537974683544303,0.9536784741144414
0.4085664451122284,0.5542359461599367,0.9536784741144414
0.40876320004463196,0.554675118858954,0.9536784741144414
0.4090465009212494,0.5551149881046789,0.9536784741144414
0.40916016697883606,0.5555555555555556,0.9536784741144414
0.4092383086681366,0.5564387917329093,0.9536784741144414
0.40952593088150024,0.5568814638027049,0.9536784741144414
0.40983670949935913,0.5573248407643312,0.9536784741144414
0.4100421965122223,0.5569721115537849,0.952316076294278
0.4105607271194458,0.5570630486831604,0.9509536784741145
0.4105759263038635,0.5575079872204473,0.9509536784741145
0.4107571840286255,0.5579536370903277,0.9509536784741145
0.41094881296157837,0.5584,0.9509536784741145
0.4109509289264679,0.5580464371497198,0.9495912806539509
0.4109726548194885,0.5584935897435898,0.9495912806539509
0.41173169016838074,0.5589414595028067,0.9495912806539509
0.41200223565101624,0.5593900481540931,0.9495912806539509
0.4122982323169708,0.5590361445783133,0.9482288828337875
0.412480890750885,0.5586816720257235,0.946866485013624
0.41285088658332825,0.5583266291230893,0.9455040871934605
0.4133704602718353,0.5587761674718197,0.9455040871934605
0.4134139120578766,0.5592264302981467,0.9455040871934605
0.4134909212589264,0.5588709677419355,0.944141689373297
0.41360217332839966,0.5585149313962873,0.9427792915531336
0.41370129585266113,0.5589660743134087,0.9427792915531336
0.4137566387653351,0.5586095392077607,0.94141689373297
0.4139178395271301,0.558252427184466,0.9400544959128065
0.41439712047576904,0.5578947368421052,0.9386920980926431
0.4149381220340729,0.5583468395461912,0.9386920980926431
0.41557419300079346,0.5579886455798865,0.9373297002724795
0.4158226251602173,0.5584415584415584,0.9373297002724795
0.41606947779655457,0.5588952071486596,0.9373297002724795
0.4169234335422516,0.5593495934959349,0.9373297002724795
0.4170258343219757,0.5598047192839707,0.9373297002724795
0.4172396957874298,0.5594462540716613,0.9359673024523161
0.4174102246761322,0.5590872045639772,0.9346049046321526
0.4178942143917084,0.5595432300163132,0.9346049046321526
0.4180367588996887,0.56,0.9346049046321526
0.4184860587120056,0.559640522875817,0.9332425068119891
0.419057160615921,0.5600981193785772,0.9332425068119891
0.41915765404701233,0.5597381342062193,0.9318801089918256
0.4193388521671295,0.5593775593775594,0.9305177111716622
0.41944482922554016,0.5598360655737705,0.9305177111716622
0.41987699270248413,0.5602953240360952,0.9305177111716622
0.4199071526527405,0.5607553366174056,0.9305177111716622
0.4199364185333252,0.561216105176664,0.9305177111716622
0.4200276732444763,0.5616776315789473,0.9305177111716622
0.42025700211524963,0.5621399176954732,0.9305177111716622
0.420401394367218,0.5626029654036244,0.9305177111716622
0.4204062521457672,0.5630667765869745,0.9305177111716622
0.42108792066574097,0.5635313531353136,0.9305177111716622
0.421150803565979,0.5639966969446738,0.9305177111716622
0.4213272035121918,0.5644628099173554,0.9305177111716622
0.4215205907821655,0.564929693961952,0.9305177111716622
0.42160114645957947,0.5653973509933775,0.9305177111716622
0.42189621925354004,0.5658657829328915,0.9305177111716622
0.4221504330635071,0.5663349917081261,0.9305177111716622
0.42228713631629944,0.566804979253112,0.9305177111716622
0.4227650463581085,0.5672757475083057,0.9305177111716622
0.4232781231403351,0.5669160432252701,0.9291553133514986
0.4237300753593445,0.56738768718802,0.9291553133514986
0.42408379912376404,0.5678601165695254,0.9291553133514986
0.4240949749946594,0.5679733110925771,0.9277929155313351
0.42425820231437683,0.5676126878130217,0.9264305177111717
0.424590140581131,0.568561872909699,0.9264305177111717
0.4247775971889496,0.5690376569037657,0.9264305177111717
0.42496854066848755,0.5695142378559463,0.9264305177111717
0.42535439133644104,0.5696308724832215,0.9250681198910081
0.4255905747413635,0.5701091519731318,0.9250681198910081
0.42675185203552246,0.5705882352941176,0.9250681198910081
0.4268224537372589,0.5702270815811606,0.9237057220708447
0.4269840121269226,0.5707070707070707,0.9237057220708447
0.427295446395874,0.5711878685762426,0.9237057220708447
0.42769211530685425,0.5708263069139966,0.9223433242506812
0.4278244972229004,0.5713080168776371,0.9223433242506812
0.42802828550338745,0.5717905405405406,0.9223433242506812
0.42803955078125,0.5714285714285714,0.9209809264305178
0.4286000430583954,0.571912013536379,0.9209809264305178
0.4287455379962921,0.5723962743437765,0.9209809264305178
0.4294188916683197,0.5720338983050848,0.9196185286103542
0.4295351803302765,0.5725190839694656,0.9196185286103542
0.42996320128440857,0.5730050933786078,0.9196185286103542
0.43035000562667847,0.5734919286321155,0.9196185286103542
0.43051937222480774,0.5739795918367347,0.9196185286103542
0.43067073822021484,0.574468085106383,0.9196185286103542
0.4308229982852936,0.5741056218057922,0.9182561307901907
0.4308600425720215,0.5737425404944586,0.9168937329700273
0.4309644401073456,0.5742320819112628,0.9168937329700273
0.43112319707870483,0.5747224594363791,0.9168937329700273
0.43125906586647034,0.5743589743589743,0.9155313351498637
0.431509792804718,0.5748502994011976,0.9155313351498637
0.4321354329586029,0.5753424657534246,0.9155313351498637
0.4321538805961609,0.5749785775492716,0.9141689373297003
0.432427316904068,0.5754716981132075,0.9141689373297003
0.4329739212989807,0.5759656652360515,0.9141689373297003
0.43325039744377136,0.5756013745704467,0.9128065395095368
0.4332973062992096,0.5760963026655203,0.9128065395095368
0.4333495795726776,0.576592082616179,0.9128065395095368
0.4334293007850647,0.5770887166236004,0.9128065395095368
0.4334370493888855,0.5782195332757131,0.9114441416893733
0.43356308341026306,0.578719723183391,0.9114441416893733
0.4336232841014862,0.5792207792207792,0.9114441416893733
0.43364933133125305,0.5797227036395147,0.9114441416893733
0.4340023398399353,0.5802254986990459,0.9114441416893733
0.43422311544418335,0.5798611111111112,0.9100817438692098
0.43423378467559814,0.579496090356212,0.9087193460490464
0.43423575162887573,0.58,0.9087193460490464
0.43435972929000854,0.5796344647519582,0.9073569482288828
0.43437355756759644,0.5792682926829268,0.9059945504087193
0.43476203083992004,0.5789014821272885,0.9046321525885559
0.4348304867744446,0.5794066317626527,0.9046321525885559
0.43496230244636536,0.5799126637554585,0.9046321525885559
0.43496426939964294,0.5795454545454546,0.9032697547683923
0.43499431014060974,0.5800524934383202,0.9032697547683923
0.4354771077632904,0.5805604203152365,0.9032697547683923
0.43553707003593445,0.5801928133216476,0.9019073569482289
0.4356299936771393,0.5807017543859649,0.9019073569482289
0.43571388721466064,0.5812115891132572,0.9019073569482289
0.435773640871048,0.5817223198594025,0.9019073569482289
0.4361398220062256,0.5822339489885664,0.9019073569482289
0.436257004737854,0.5827464788732394,0.9019073569482289
0.43628451228141785,0.5832599118942732,0.9019073569482289
0.43629077076911926,0.5828924162257496,0.9005449591280654
0.4363401532173157,0.5834068843777581,0.9005449591280654
0.43674716353416443,0.583922261484099,0.9005449591280654
0.436776727437973,0.5844385499557914,0.9005449591280654
0.4368171989917755,0.584070796460177,0.8991825613079019
0.43683305382728577,0.5837023914969,0.8978201634877384
0.43687304854393005,0.5842198581560284,0.8978201634877384
0.43699124455451965,0.5847382431233363,0.8978201634877384
0.43700122833251953,0.5852575488454707,0.8978201634877384
0.4371422827243805,0.5848888888888889,0.896457765667575
0.437277615070343,0.5845195729537367,0.8950953678474114
0.4373432695865631,0.5841495992876224,0.8937329700272479
0.4375768303871155,0.5846702317290553,0.8937329700272479
0.437917023897171,0.584299732381802,0.8923705722070845
0.43793919682502747,0.5839285714285715,0.8910081743869209
0.437957763671875,0.5835567470956211,0.8896457765667575
0.4379868507385254,0.5840787119856887,0.8896457765667575
0.4383058547973633,0.5846016114592659,0.8896457765667575
0.4383888840675354,0.5851254480286738,0.8896457765667575
0.4384404718875885,0.5856502242152466,0.8896457765667575
0.438597172498703,0.5858041329739443,0.888283378746594
0.4387129843235016,0.5863309352517986,0.888283378746594
0.43885087966918945,0.5868586858685868,0.888283378746594
0.43887758255004883,0.5873873873873874,0.888283378746594
0.4389225244522095,0.587917042380523,0.888283378746594
0.438953697681427,0.5884476534296029,0.888283378746594
0.4389708340167999,0.5880758807588076,0.8869209809264306
0.43906429409980774,0.5886075949367089,0.8869209809264306
0.4390847086906433,0.5891402714932127,0.8869209809264306
0.4392440915107727,0.5894641235240691,0.8841961852861036
0.4394553303718567,0.59,0.8841961852861036
0.43960270285606384,0.5905368516833485,0.8841961852861036
0.43983930349349976,0.5910746812386156,0.8841961852861036
0.4399060904979706,0.5916134913400183,0.8841961852861036
0.43994855880737305,0.5921532846715328,0.8841961852861036
0.4399607181549072,0.5926940639269407,0.8841961852861036
0.44006651639938354,0.593235831809872,0.8841961852861036
0.44104453921318054,0.5928636779505947,0.8828337874659401
0.44136399030685425,0.5934065934065934,0.8828337874659401
0.4413774609565735,0.5939505041246563,0.8828337874659401
0.4414832890033722,0.5935779816513761,0.8814713896457765
0.44168877601623535,0.5941230486685032,0.8814713896457765
0.4416959285736084,0.5952161913523459,0.8814713896457765
0.44174617528915405,0.5957642725598526,0.8814713896457765
0.44188812375068665,0.5963133640552996,0.8814713896457765
0.4422336518764496,0.5959409594095941,0.8801089918256131
0.44247695803642273,0.5955678670360111,0.8787465940054496
0.4426812529563904,0.5951940850277264,0.8773841961852861
0.44323697686195374,0.5957446808510638,0.8773841961852861
0.443323016166687,0.5953703703703703,0.8760217983651226
0.4434654414653778,0.5959221501390176,0.8760217983651226
0.4434712827205658,0.5955473098330241,0.8746594005449592
0.4436258375644684,0.5951717734447539,0.8732970027247956
0.44390952587127686,0.595724907063197,0.8732970027247956
0.4439576268196106,0.5968342644320298,0.8732970027247956
0.4442419409751892,0.5973904939422181,0.8732970027247956
0.4445396065711975,0.5979477611940298,0.8732970027247956
0.4446951746940613,0.5985060690943044,0.8732970027247956
0.445060133934021,0.5981308411214953,0.8719346049046321
0.4450777471065521,0.5977549111318989,0.8705722070844687
0.44531184434890747,0.598314606741573,0.8705722070844687
0.4454050064086914,0.5979381443298969,0.8692098092643051
0.4456366002559662,0.5984990619136961,0.8692098092643051
0.44577568769454956,0.5990610328638498,0.8692098092643051
0.4461866021156311,0.599624060150376,0.8692098092643051
0.44637826085090637,0.599247412982126,0.8678474114441417
0.44639450311660767,0.5998116760828626,0.8678474114441417
0.446510374546051,0.5994344957587182,0.8664850136239782
0.4469241797924042,0.5990566037735849,0.8651226158038147
0.44714921712875366,0.5986779981114259,0.8637602179836512
0.4473816454410553,0.5992438563327032,0.8637602179836512
0.44776487350463867,0.5998107852412489,0.8637602179836512
0.44779810309410095,0.6003787878787878,0.8637602179836512
0.4478338956832886,0.6009478672985782,0.8637602179836512
0.44830626249313354,0.6015180265654649,0.8637602179836512
0.4483875334262848,0.6011396011396012,0.8623978201634878
0.4484497606754303,0.6007604562737643,0.8610354223433242
0.4484691321849823,0.6003805899143673,0.8596730245231607
0.4488876760005951,0.6009523809523809,0.8596730245231607
0.4489164352416992,0.6015252621544328,0.8596730245231607
0.449014812707901,0.601145038167939,0.8583106267029973
0.4493047595024109,0.600764087870105,0.8569482288828338
0.4493575692176819,0.6003824091778203,0.8555858310626703
0.4493747651576996,0.600956937799043,0.8555858310626703
0.44938573241233826,0.6021093000958773,0.8555858310626703
0.4495979845523834,0.6026871401151631,0.8555858310626703
0.4496724009513855,0.6028846153846154,0.8542234332425068
0.449859619140625,0.602502406159769,0.8528610354223434
0.449900358915329,0.603082851637765,0.8528610354223434
0.44991424679756165,0.6027000964320154,0.8514986376021798
0.4500122368335724,0.6032818532818532,0.8514986376021798
0.45016714930534363,0.6038647342995169,0.8514986376021798
0.45018941164016724,0.6044487427466151,0.8514986376021798
0.4504060745239258,0.6050338818973863,0.8514986376021798
0.4506259262561798,0.6056201550387597,0.8514986376021798
0.4507743716239929,0.6062075654704171,0.8514986376021798
0.4512290060520172,0.6067961165048543,0.8514986376021798
0.4512901306152344,0.6073858114674441,0.8514986376021798
0.4513610303401947,0.6070038910505836,0.8501362397820164
0.45146819949150085,0.6075949367088608,0.8501362397820164
0.45164746046066284,0.6081871345029239,0.8501362397820164
0.4522094428539276,0.6078048780487805,0.8487738419618529
0.4522445499897003,0.607421875,0.8474114441416893
0.4529731571674347,0.6086105675146771,0.8474114441416893
0.452981561422348,0.6092066601371204,0.8474114441416893
0.4531209468841553,0.6098039215686275,0.8474114441416893
0.4533339738845825,0.6100196463654224,0.8460490463215259
0.4536203145980835,0.6096361848574238,0.8446866485013624
0.45401695370674133,0.609251968503937,0.8433242506811989
0.45403945446014404,0.6098522167487684,0.8433242506811989
0.45424333214759827,0.6104536489151874,0.8433242506811989
0.45428162813186646,0.6106719367588933,0.8419618528610354
0.45464619994163513,0.6102868447082097,0.840599455040872
0.4546627700328827,0.6099009900990099,0.8392370572207084
0.45473513007164,0.6105054509415263,0.8392370572207084
0.45474645495414734,0.6111111111111112,0.8392370572207084
0.4548841714859009,0.6117179741807348,0.8392370572207084
0.4550051987171173,0.6123260437375746,0.8392370572207084
0.4550498425960541,0.6129353233830845,0.8392370572207084
0.45515698194503784,0.6135458167330677,0.8392370572207084
0.45533254742622375,0.6141575274177468,0.8392370572207084
0.4554891884326935,0.614,0.8365122615803815
0.45556822419166565,0.6146146146146146,0.8365122615803815
0.45559707283973694,0.6152304609218436,0.8365122615803815
0.45570358633995056,0.6148445336008024,0.8351498637602179
0.4557618796825409,0.6154618473895582,0.8351498637602179
0.45592787861824036,0.6160804020100502,0.8351498637602179
0.45613330602645874,0.6167002012072434,0.8351498637602179
0.45654788613319397,0.6163141993957704,0.8337874659400545
0.4565871059894562,0.6169354838709677,0.8337874659400545
0.4565894305706024,0.6175580221997982,0.8337874659400545
0.45670565962791443,0.6181818181818182,0.8337874659400545
0.4569920301437378,0.6177957532861477,0.832425068119891
0.4571502208709717,0.618421052631579,0.832425068119891
0.4573659896850586,0.6180344478216818,0.8310626702997275
0.4574538767337799,0.6186612576064908,0.8310626702997275
0.4575273394584656,0.6192893401015228,0.8310626702997275
0.4576025903224945,0.6189024390243902,0.829700272479564
0.4576961398124695,0.6195320447609359,0.829700272479564
0.4577152729034424,0.620162932790224,0.829700272479564
0.4577283561229706,0.6207951070336392,0.829700272479564
0.45784497261047363,0.6204081632653061,0.8283378746594006
0.45788419246673584,0.6210418794688458,0.8283378746594006
0.4580201506614685,0.6206543967280164,0.8269754768392371
0.45825305581092834,0.6212896622313203,0.8269754768392371
0.45826324820518494,0.6219262295081968,0.8269754768392371
0.45834654569625854,0.6215384615384615,0.8256130790190735
0.4585612714290619,0.6211498973305954,0.8242506811989101
0.45871779322624207,0.6207605344295992,0.8228882833787466
0.45885464549064636,0.6203703703703703,0.8215258855585831
0.4593072831630707,0.619979402677652,0.8201634877384196
0.45933985710144043,0.6206185567010309,0.8201634877384196
0.4594109058380127,0.6212590299277606,0.8201634877384196
0.4596419930458069,0.621900826446281,0.8201634877384196
0.4598582983016968,0.6215098241985523,0.8188010899182562
0.45991426706314087,0.6221532091097308,0.8188010899182562
0.4601101577281952,0.6234439834024896,0.8188010899182562
0.4601682722568512,0.6240913811007269,0.8188010899182562
0.46021339297294617,0.6237006237006237,0.8174386920980926
0.4604751765727997,0.6233090530697191,0.8160762942779292
0.46063947677612305,0.6229166666666667,0.8147138964577657
0.4606514275074005,0.6225234619395204,0.8133514986376021
0.4610266089439392,0.6231732776617954,0.8133514986376021
0.4612596333026886,0.6238244514106583,0.8133514986376021
0.4613933861255646,0.6244769874476988,0.8133514986376021
0.4614887237548828,0.625130890052356,0.8133514986376021
0.46162936091423035,0.6247379454926625,0.8119891008174387
0.461769700050354,0.6253934942287513,0.8119891008174387
0.46180829405784607,0.6260504201680672,0.8119891008174387
0.46182551980018616,0.6267087276550999,0.8119891008174387
0.461935430765152,0.6273684210526316,0.8119891008174387
0.46207258105278015,0.6280295047418335,0.8119891008174387
0.4621691107749939,0.6286919831223629,0.8119891008174387
0.4623621106147766,0.6293558606124604,0.8119891008174387
0.4625678062438965,0.6300211416490487,0.8119891008174387
0.46262598037719727,0.6296296296296297,0.8106267029972752
0.46272438764572144,0.6292372881355932,0.8092643051771117
0.4628075063228607,0.6299045599151644,0.8092643051771117
0.4628765881061554,0.6305732484076433,0.8092643051771117
0.4632234573364258,0.6301806588735388,0.8079019073569482
0.46341225504875183,0.6308510638297873,0.8079019073569482
0.46353912353515625,0.630457933972311,0.8065395095367848
0.46371006965637207,0.6300639658848614,0.8051771117166212
0.46379247307777405,0.6307363927427961,0.8051771117166212
0.4638262689113617,0.6314102564102564,0.8051771117166212
0.464052677154541,0.6306209850107066,0.8024523160762943
0.4644274413585663,0.6312968917470525,0.8024523160762943
0.4646880030632019,0.630901287553648,0.8010899182561307
0.46475550532341003,0.6305048335123523,0.7997275204359673
0.4648757576942444,0.6311827956989248,0.7997275204359673
0.4650532007217407,0.6307857911733046,0.7983651226158038
0.4651162624359131,0.6303879310344828,0.7970027247956403
0.4652312099933624,0.6310679611650486,0.7970027247956403
0.4652891457080841,0.6306695464362851,0.7956403269754768
0.46537408232688904,0.6302702702702703,0.7942779291553134
0.4654683768749237,0.6308360477741585,0.7915531335149864
0.46550631523132324,0.6315217391304347,0.7915531335149864
0.46566909551620483,0.6311207834602829,0.7901907356948229
0.46573472023010254,0.630718954248366,0.7888283378746594
0.4659307599067688,0.6303162486368593,0.7874659400544959
0.46608981490135193,0.6299126637554585,0.7861035422343324
0.46615123748779297,0.6301969365426696,0.784741144414169
0.4663829505443573,0.631578947368421,0.784741144414169
0.46645182371139526,0.6311745334796927,0.7833787465940054
0.46662089228630066,0.6318681318681318,0.7833787465940054
0.4666239619255066,0.6325632563256326,0.7833787465940054
0.4667704999446869,0.6332599118942731,0.7833787465940054
0.466788113117218,0.6339581036383682,0.7833787465940054
0.4668513834476471,0.6335540838852097,0.782016348773842
0.4671265482902527,0.6342541436464089,0.782016348773842
0.4675961136817932,0.6338495575221239,0.7806539509536785
0.4677630066871643,0.6345514950166113,0.7806539509536785
0.46777594089508057,0.6341463414634146,0.779291553133515
0.46782705187797546,0.634850166481687,0.779291553133515
0.4678347408771515,0.6344444444444445,0.7779291553133515
0.4679044187068939,0.6340378197997776,0.776566757493188
0.467990905046463,0.6354515050167224,0.776566757493188
0.4681457281112671,0.6361607142857143,0.776566757493188
0.4682721197605133,0.6357541899441341,0.7752043596730245
0.4685226082801819,0.6364653243847874,0.7752043596730245
0.468535453081131,0.6371780515117581,0.7752043596730245
0.46864748001098633,0.6378923766816144,0.7752043596730245
0.4687424898147583,0.6386083052749719,0.7752043596730245
0.46882614493370056,0.6393258426966292,0.7752043596730245
0.4690074026584625,0.6389201349831272,0.773841961852861
0.46910998225212097,0.6396396396396397,0.773841961852861
0.4691723883152008,0.6403607666290868,0.773841961852861
0.4694201648235321,0.6410835214446953,0.773841961852861
0.4694294333457947,0.6406779661016949,0.7724795640326976
0.46981531381607056,0.6414027149321267,0.7724795640326976
0.4701443612575531,0.6421291053227633,0.7724795640326976
0.47021013498306274,0.6417233560090703,0.771117166212534
0.4702617824077606,0.6424517593643587,0.771117166212534
0.4704624116420746,0.6416382252559727,0.7683923705722071
0.4705749452114105,0.6431014823261118,0.7683923705722071
0.4709407091140747,0.6438356164383562,0.7683923705722071
0.4711247980594635,0.6434285714285715,0.7670299727520435
0.47131073474884033,0.6441647597254004,0.7670299727520435
0.47135618329048157,0.6437571592210768,0.7656675749318801
0.4713582396507263,0.6444954128440367,0.7656675749318801
0.4714672863483429,0.6448275862068965,0.7643051771117166
0.47153714299201965,0.6455696202531646,0.7643051771117166
0.47161608934402466,0.6451612903225806,0.7629427792915532
0.47174152731895447,0.6459054209919262,0.7629427792915532
0.4719647467136383,0.6466512702078522,0.7629427792915532
0.4719803035259247,0.6462427745664739,0.7615803814713896
0.47201138734817505,0.6469907407407407,0.7615803814713896
0.47207072377204895,0.6465816917728853,0.7602179836512262
0.4721030294895172,0.6473317865429234,0.7602179836512262
0.47214752435684204,0.6480836236933798,0.7602179836512262
0.47218194603919983,0.6476744186046511,0.7588555858310627
0.4724179208278656,0.6472642607683353,0.7574931880108992
0.4724807143211365,0.6480186480186481,0.7574931880108992
0.47248193621635437,0.6487747957992999,0.7574931880108992
0.4729585349559784,0.6495327102803738,0.7574931880108992
0.47312402725219727,0.6502923976608187,0.7574931880108992
0.47329774498939514,0.6498829039812647,0.7561307901907357
0.4733901619911194,0.6506447831184057,0.7561307901907357
0.47353050112724304,0.6498237367802585,0.7534059945504087
0.47357937693595886,0.6505882352941177,0.7534059945504087
0.4736066460609436,0.6501766784452296,0.7520435967302452
0.47381970286369324,0.6509433962264151,0.7520435967302452
0.4738706648349762,0.6517119244391971,0.7520435967302452
0.47394999861717224,0.6513002364066194,0.7506811989100818
0.47413575649261475,0.650887573964497,0.7493188010899182
0.47457754611968994,0.6504739336492891,0.7479564032697548
0.47459256649017334,0.6500593119810202,0.7465940054495913
0.4748583734035492,0.649643705463183,0.7452316076294278
0.47490575909614563,0.65,0.7438692098092643
0.4749389886856079,0.6507747318235996,0.7438692098092643
0.47545379400253296,0.6515513126491647,0.7438692098092643
0.4755461812019348,0.6523297491039427,0.7438692098092643
0.47585585713386536,0.6519138755980861,0.7425068119891008
0.47592422366142273,0.6526946107784432,0.7425068119891008
0.47608304023742676,0.6522781774580336,0.7411444141689373
0.47610628604888916,0.6530612244897959,0.7411444141689373
0.47618693113327026,0.6534296028880866,0.7397820163487738
0.4763495922088623,0.653012048192771,0.7384196185286104
0.47639164328575134,0.6537997587454765,0.7384196185286104
0.4764539301395416,0.6545893719806763,0.7384196185286104
0.47646379470825195,0.6553808948004837,0.7384196185286104
0.4765437841415405,0.6561743341404358,0.7384196185286104
0.4768082797527313,0.656969696969697,0.7384196185286104
0.4768666625022888,0.6565533980582524,0.7370572207084468
0.4768766164779663,0.6573511543134872,0.7370572207084468
0.47692644596099854,0.656934306569343,0.7356948228882834
0.47704970836639404,0.656516443361754,0.7343324250681199
0.47719842195510864,0.6573170731707317,0.7343324250681199
0.4772225320339203,0.6568986568986569,0.7329700272479565
0.4772317409515381,0.656479217603912,0.7316076294277929
0.47732287645339966,0.6560587515299877,0.7302452316076294
0.47741469740867615,0.6556372549019608,0.728882833787466
0.47752824425697327,0.6552147239263804,0.7275204359673024
0.4777306318283081,0.6560196560196561,0.7275204359673024
0.4778231680393219,0.6555965559655597,0.726158038147139
0.4778613746166229,0.6551724137931034,0.7247956403269755
0.47791990637779236,0.654747225647349,0.723433242506812
0.47794970870018005,0.654320987654321,0.7220708446866485
0.4781048595905304,0.65389369592089,0.720708446866485
0.4782002568244934,0.6534653465346535,0.7193460490463215
0.47827017307281494,0.654275092936803,0.7193460490463215
0.4783899486064911,0.6550868486352357,0.7193460490463215
0.4785393476486206,0.6559006211180124,0.7193460490463215
0.47863152623176575,0.6567164179104478,0.7193460490463215
0.47876226902008057,0.6575342465753424,0.7193460490463215
0.47891631722450256,0.6571072319201995,0.717983651226158
0.4789496660232544,0.6566791510611736,0.7166212534059946
0.47905978560447693,0.65625,0.715258855585831
0.47940298914909363,0.655819774718398,0.7138964577656676
0.479759156703949,0.656641604010025,0.7138964577656676
0.47981277108192444,0.657035175879397,0.7125340599455041
0.4798552691936493,0.6566037735849056,0.7111716621253406
0.4802512526512146,0.6561712846347607,0.7098092643051771
0.4803318679332733,0.6569987389659521,0.7098092643051771
0.48036202788352966,0.6578282828282829,0.7098092643051771
0.48060342669487,0.6586599241466498,0.7098092643051771
0.4806196689605713,0.6582278481012658,0.7084468664850136
0.48065221309661865,0.6577946768060836,0.7070844686648501
0.48087286949157715,0.6586294416243654,0.7070844686648501
0.4812079071998596,0.6594663278271918,0.7070844686648501
0.48125192523002625,0.6603053435114504,0.7070844686648501
0.4813232719898224,0.6611464968152866,0.7070844686648501
0.4815220534801483,0.6619897959183674,0.7070844686648501
0.4815584719181061,0.6615581098339719,0.7057220708446866
0.4815613627433777,0.6624040920716112,0.7057220708446866
0.4815766215324402,0.6636713735558408,0.7043596730245232
0.4816643297672272,0.6645244215938303,0.7043596730245232
0.48182156682014465,0.6640926640926641,0.7029972752043597
0.48202645778656006,0.663659793814433,0.7016348773841962
0.48217684030532837,0.6632258064516129,0.7002724795640327
0.48234114050865173,0.6627906976744186,0.6989100817438693
0.4824153780937195,0.6636481241914618,0.6989100817438693
0.4826875627040863,0.6645077720207254,0.6989100817438693
0.4828878939151764,0.6640726329442282,0.6975476839237057
0.48304590582847595,0.6636363636363637,0.6961852861035422
0.4833936393260956,0.6644993498049415,0.6961852861035422
0.4836295545101166,0.6640625,0.6948228882833788
0.4837028980255127,0.6636245110821382,0.6934604904632152
0.48373571038246155,0.6631853785900783,0.6920980926430518
0.48385411500930786,0.6640522875816993,0.6920980926430518
0.4848291575908661,0.6649214659685864,0.6920980926430518
0.48500052094459534,0.6644823066841415,0.6907356948228883
0.4852108061313629,0.6653543307086615,0.6907356948228883
0.4854561686515808,0.6662286465177398,0.6907356948228883
0.48576828837394714,0.6657894736842105,0.6893732970027248
0.48598676919937134,0.6653491436100132,0.6880108991825613
0.4859868884086609,0.6662269129287599,0.6880108991825613
0.4861413836479187,0.665785997357992,0.6866485013623979
0.4861429035663605,0.6666666666666666,0.6866485013623979
0.4861801564693451,0.6675496688741722,0.6866485013623979
0.4863472580909729,0.6684350132625995,0.6866485013623979
0.48667994141578674,0.6693227091633466,0.6866485013623979
0.4866980016231537,0.6702127659574468,0.6866485013623979
0.4867531955242157,0.6697736351531292,0.6852861035422343
0.4868786633014679,0.6693333333333333,0.6839237057220708
0.486967533826828,0.6702269692923899,0.6839237057220708
0.48698484897613525,0.6711229946524064,0.6839237057220708
0.4869956970214844,0.6720214190093708,0.6839237057220708
0.48700982332229614,0.6715817694369973,0.6825613079019074
0.4870447814464569,0.6711409395973155,0.6811989100817438
0.48725634813308716,0.6706989247311828,0.6798365122615804
0.4872666895389557,0.6702557200538358,0.6784741144414169
0.48732149600982666,0.6698113207547169,0.6771117166212534
0.4873667359352112,0.6693657219973009,0.6757493188010899
0.48748502135276794,0.6702702702702703,0.6757493188010899
0.48748937249183655,0.6711772665764547,0.6757493188010899
0.4877423346042633,0.6720867208672087,0.6757493188010899
0.48776450753211975,0.6716417910447762,0.6743869209809265
0.4882562756538391,0.6711956521739131,0.6730245231607629
0.48829594254493713,0.6707482993197279,0.6716621253405994
0.4885161519050598,0.670299727520436,0.670299727520436
0.48868316411972046,0.669849931787176,0.6689373297002725
0.4888904392719269,0.6693989071038251,0.667574931880109
0.4890935719013214,0.6703146374829001,0.667574931880109
0.48912835121154785,0.6698630136986301,0.6662125340599455
0.48930203914642334,0.6694101508916324,0.6648501362397821
0.48975133895874023,0.6703296703296703,0.6648501362397821
0.49007648229599,0.6698762035763411,0.6634877384196185
0.4902556240558624,0.6694214876033058,0.662125340599455
0.4903738796710968,0.670344827586207,0.662125340599455
0.49049073457717896,0.6712707182320442,0.662125340599455
0.4906637370586395,0.6717451523545707,0.6607629427792916
0.4906877875328064,0.6712898751733704,0.659400544959128
0.49080169200897217,0.6722222222222223,0.659400544959128
0.49093154072761536,0.6717663421418637,0.6580381471389646
0.4911387264728546,0.6722454672245467,0.6566757493188011
0.49149957299232483,0.6731843575418994,0.6566757493188011
0.4915052056312561,0.6727272727272727,0.6553133514986376
0.49166250228881836,0.6736694677871149,0.6553133514986376
0.4917316734790802,0.6746143057503506,0.6553133514986376
0.49176788330078125,0.675561797752809,0.6553133514986376
0.4920913279056549,0.6765119549929677,0.6553133514986376
0.49225568771362305,0.6774647887323944,0.6553133514986376
0.4922733008861542,0.6770098730606487,0.6539509536784741
0.49246034026145935,0.6765536723163842,0.6525885558583107
0.4925510883331299,0.6780141843971631,0.6512261580381471
0.49264204502105713,0.6775568181818182,0.6498637602179836
0.49274688959121704,0.6770981507823614,0.6485013623978202
0.4929151237010956,0.6780626780626781,0.6485013623978202
0.4929240942001343,0.6776034236804565,0.6471389645776566
0.4932016134262085,0.6771428571428572,0.6457765667574932
0.4932626485824585,0.6766809728183119,0.6444141689373297
0.4939303696155548,0.6776504297994269,0.6444141689373297
0.4940641224384308,0.6771879483500718,0.6430517711171662
0.49422433972358704,0.6767241379310345,0.6416893732970027
0.49428030848503113,0.6776978417266187,0.6416893732970027
0.49443545937538147,0.6786743515850144,0.6416893732970027
0.4945482313632965,0.6782106782106783,0.6403269754768393
0.49458998441696167,0.6791907514450867,0.6403269754768393
0.49463459849357605,0.6801736613603473,0.6403269754768393
0.4947124719619751,0.6811594202898551,0.6403269754768393
0.49473273754119873,0.6821480406386067,0.6403269754768393
0.49481460452079773,0.6816860465116279,0.6389645776566758
0.4951257109642029,0.6812227074235808,0.6376021798365122
0.4951874911785126,0.6807580174927114,0.6362397820163488
0.49586689472198486,0.6802919708029197,0.6348773841961853
0.4959944784641266,0.6798245614035088,0.6335149863760218
0.49600750207901,0.6808199121522694,0.6335149863760218
0.49620091915130615,0.6818181818181818,0.6335149863760218
0.49648332595825195,0.6813509544787077,0.6321525885558583
0.49691906571388245,0.6823529411764706,0.6321525885558583
0.4974840581417084,0.6833578792341679,0.6321525885558583
0.49784815311431885,0.6843657817109144,0.6321525885558583
0.49789565801620483,0.6853766617429837,0.6321525885558583
0.498274564743042,0.6849112426035503,0.6307901907356949
0.49836912751197815,0.6859259259259259,0.6307901907356949
0.49854499101638794,0.685459940652819,0.6294277929155313
0.4992069602012634,0.6849925705794948,0.6280653950953679
0.49947935342788696,0.6845238095238095,0.6267029972752044
0.4994910657405853,0.684053651266766,0.6253405994550408
0.4997187554836273,0.6850746268656717,0.6253405994550408
0.49974554777145386,0.6860986547085202,0.6253405994550408
0.4998151659965515,0.6856287425149701,0.6239782016348774
0.49991732835769653,0.6866566716641679,0.6239782016348774
0.5005196332931519,0.6876876876876877,0.6239782016348774
0.5006148815155029,0.6887218045112782,0.6239782016348774
0.5012882947921753,0.6882530120481928,0.6226158038147139
0.501488208770752,0.6892911010558069,0.6226158038147139
0.5015204548835754,0.6903323262839879,0.6226158038147139
0.5016269683837891,0.6898638426626323,0.6212534059945504
0.5017416477203369,0.6893939393939394,0.6198910081743869
0.5019199252128601,0.6889226100151745,0.6185286103542235
0.5019249320030212,0.6884498480243161,0.6171662125340599
0.5019575357437134,0.6905487804878049,0.6171662125340599
0.5020424127578735,0.6916030534351145,0.6171662125340599
0.5020802021026611,0.6926605504587156,0.6171662125340599
0.502217173576355,0.6937212863705973,0.6171662125340599
0.502650797367096,0.6932515337423313,0.6158038147138964
0.5028612613677979,0.6943164362519201,0.6158038147138964
0.502985954284668,0.6938461538461539,0.614441416893733
0.5030250549316406,0.6933744221879815,0.6130790190735694
0.5033280849456787,0.6944444444444444,0.6130790190735694
0.5034043192863464,0.6939721792890263,0.611716621253406
0.5036095976829529,0.6934984520123839,0.6103542234332425
0.5036150813102722,0.6930232558139535,0.6089918256130791
0.5037059187889099,0.6925465838509317,0.6076294277929155
0.5039671063423157,0.6920684292379471,0.6062670299727521
0.5041225552558899,0.6931464174454829,0.6062670299727521
0.5042061805725098,0.6942277691107644,0.6062670299727521
0.5042996406555176,0.6953125,0.6062670299727521
0.5043128728866577,0.6964006259780907,0.6062670299727521
0.5043314099311829,0.6974921630094044,0.6062670299727521
0.504416286945343,0.6985871271585558,0.6062670299727521
0.5044549107551575,0.699685534591195,0.6062670299727521
0.5045422911643982,0.7007874015748031,0.6062670299727521
0.5050336718559265,0.7003154574132492,0.6049046321525886
0.5050936341285706,0.7014218009478673,0.6049046321525886
0.505296528339386,0.7025316455696202,0.6049046321525886
0.5053659677505493,0.7020602218700476,0.603542234332425
0.5053994655609131,0.7015873015873015,0.6021798365122616
0.5054882764816284,0.7011128775834659,0.6008174386920981
0.5055407881736755,0.7006369426751592,0.5994550408719346
0.5057069659233093,0.7017543859649122,0.5994550408719346
0.5057132244110107,0.7051282051282052,0.5994550408719346
0.5057180523872375,0.7080645161290322,0.5980926430517711
0.505786657333374,0.7092084006462036,0.5980926430517711
0.5058863759040833,0.7087378640776699,0.5967302452316077
0.5060568451881409,0.7098865478119936,0.5967302452316077
0.5060781836509705,0.7094155844155844,0.5953678474114441
0.5062735080718994,0.7084690553745928,0.5926430517711172
0.5062965750694275,0.7079934747145188,0.5912806539509536
0.5065110325813293,0.7091503267973857,0.5912806539509536
0.506712019443512,0.7086743044189853,0.5899182561307902
0.5070064067840576,0.7098360655737705,0.5899182561307902
0.5071832537651062,0.7093596059113301,0.5885558583106267
0.5072182416915894,0.7105263157894737,0.5885558583106267
0.5073112845420837,0.7116968698517299,0.5885558583106267
0.5073185563087463,0.7128712871287128,0.5885558583106267
0.5075158476829529,0.7123966942148761,0.5871934604904632
0.5076442360877991,0.7119205298013245,0.5858310626702997
0.5076545476913452,0.7114427860696517,0.5844686648501363
0.5077959895133972,0.7126245847176079,0.5844686648501363
0.5078221559524536,0.7138103161397671,0.5844686648501363
0.5078789591789246,0.7133333333333334,0.5831062670299727
0.5079066753387451,0.7140468227424749,0.5817438692098093
0.5081725120544434,0.7135678391959799,0.5803814713896458
0.5082335472106934,0.7130872483221476,0.5790190735694822
0.5083602666854858,0.7126050420168067,0.5776566757493188
0.5084547400474548,0.7138047138047138,0.5776566757493188
0.5086808204650879,0.7133220910623946,0.5762942779291553
0.5086823105812073,0.7123519458544839,0.5735694822888283
0.5088239312171936,0.7135593220338983,0.5735694822888283
0.5089643597602844,0.7130730050933786,0.5722070844686649
0.5091147422790527,0.7142857142857143,0.5722070844686649
0.5092281103134155,0.7137989778534923,0.5708446866485014
0.5094980597496033,0.7133105802047781,0.5694822888283378
0.5096423029899597,0.7128205128205128,0.5681198910081744
0.5097528696060181,0.7123287671232876,0.5667574931880109
0.5097768306732178,0.7118353344768439,0.5653950953678474
0.5098457932472229,0.7130584192439863,0.5653950953678474
0.5098537802696228,0.7125645438898451,0.5640326975476839
0.5100633502006531,0.7120689655172414,0.5626702997275205
0.5101928114891052,0.7132987910189983,0.5626702997275205
0.510230302810669,0.7145328719723183,0.5626702997275205
0.5104103684425354,0.7157712305025996,0.5626702997275205
0.5105711221694946,0.7170138888888888,0.5626702997275205
0.5107296705245972,0.7182608695652174,0.5626702997275205
0.5107752084732056,0.7172774869109948,0.5599455040871935
0.5108246803283691,0.7167832167832168,0.55858310626703
0.5110113024711609,0.7162872154115587,0.5572207084468664
0.5111786723136902,0.7175438596491228,0.5572207084468664
0.5114869475364685,0.718804920913884,0.5572207084468664
0.5114997029304504,0.7183098591549296,0.555858310626703
0.5117560625076294,0.7178130511463845,0.5544959128065395
0.5118774771690369,0.7173144876325088,0.553133514986376
0.5120344758033752,0.7185840707964601,0.553133514986376
0.5121040940284729,0.7180851063829787,0.5517711171662125
0.5123246908187866,0.7175843694493783,0.5504087193460491
0.512388288974762,0.7170818505338078,0.5490463215258855
0.5128071308135986,0.7165775401069518,0.547683923705722
0.5129911303520203,0.7178571428571429,0.547683923705722
0.5131717920303345,0.7191413237924866,0.547683923705722
0.5132043361663818,0.7204301075268817,0.547683923705722
0.5132534503936768,0.7199281867145422,0.5463215258855586
0.5134966373443604,0.7194244604316546,0.5449591280653951
0.5135553479194641,0.7189189189189189,0.5435967302452316
0.5136070847511292,0.7184115523465704,0.5422343324250681
0.5136350989341736,0.7197106690777577,0.5422343324250681
0.5136662721633911,0.7210144927536232,0.5422343324250681
0.5138592720031738,0.7223230490018149,0.5422343324250681
0.513907253742218,0.7213114754098361,0.5395095367847411
0.5142069458961487,0.7221206581352834,0.5381471389645777
0.5142663717269897,0.7216117216117216,0.5367847411444142
0.5143840909004211,0.7211009174311926,0.5354223433242506
0.5146594047546387,0.7224264705882353,0.5354223433242506
0.5148287415504456,0.7219152854511971,0.5340599455040872
0.5148476958274841,0.7214022140221402,0.5326975476839237
0.5148757100105286,0.722735674676525,0.5326975476839237
0.5151157975196838,0.7222222222222222,0.5313351498637602
0.5151299834251404,0.7211895910780669,0.5286103542234333
0.5151620507240295,0.7225325884543762,0.5286103542234333
0.5152272582054138,0.7220149253731343,0.5272479564032697
0.5152933597564697,0.7233644859813084,0.5272479564032697
0.515413224697113,0.7228464419475655,0.5258855585831063
0.5155117511749268,0.7223264540337712,0.5245231607629428
0.5158466100692749,0.7236842105263158,0.5245231607629428
0.5159792900085449,0.7250470809792844,0.5245231607629428
0.5162433385848999,0.7245283018867924,0.5231607629427792
0.516584575176239,0.725897920604915,0.5231607629427792
0.5167883038520813,0.7272727272727273,0.5231607629427792
0.5168331265449524,0.7281368821292775,0.5217983651226158
0.5169276595115662,0.7295238095238096,0.5217983651226158
0.5169441103935242,0.7290076335877863,0.5204359673024523
0.5173008441925049,0.7304015296367112,0.5204359673024523
0.5174198746681213,0.7298850574712644,0.5190735694822888
0.5174497961997986,0.7293666026871402,0.5177111716621253
0.5175984501838684,0.7321772639691715,0.5177111716621253
0.5178300738334656,0.7335907335907336,0.5177111716621253
0.5182794332504272,0.7330754352030948,0.5163487738419619
0.5182881951332092,0.7325581395348837,0.5149863760217984
0.5183925628662109,0.7320388349514563,0.5136239782016349
0.5184125900268555,0.7334630350194552,0.5136239782016349
0.5184260010719299,0.7348927875243665,0.5136239782016349
0.5186116695404053,0.734375,0.5122615803814714
0.5186571478843689,0.735812133072407,0.5122615803814714
0.5187082290649414,0.7352941176470589,0.510899182561308
0.5187600255012512,0.7367387033398821,0.510899182561308
0.5187612771987915,0.7362204724409449,0.5095367847411444
0.5189244151115417,0.7357001972386588,0.5081743869209809
0.5192189812660217,0.7386138613861386,0.5081743869209809
0.5192435383796692,0.7380952380952381,0.5068119891008175
0.5193297266960144,0.7375745526838966,0.5054495912806539
0.519483208656311,0.7370517928286853,0.5040871934604905
0.519525945186615,0.7385229540918163,0.5040871934604905
0.5196112394332886,0.738,0.502724795640327
0.5197895169258118,0.7374749498997996,0.5013623978201635
0.5197926759719849,0.7369477911646586,0.5
0.5198850035667419,0.7379032258064516,0.4986376021798365
0.5199570655822754,0.7393939393939394,0.4986376021798365
0.5199803709983826,0.7388663967611336,0.49727520435967304
0.5201331377029419,0.7383367139959433,0.49591280653950953
0.5202292799949646,0.7378048780487805,0.494550408719346
0.5202868580818176,0.7372708757637475,0.49318801089918257
0.5205137729644775,0.736734693877551,0.49182561307901906
0.5205302238464355,0.7361963190184049,0.4904632152588556
0.5206776261329651,0.7377049180327869,0.4904632152588556
0.5206956267356873,0.7371663244353183,0.4891008174386921
0.5208024382591248,0.7366255144032922,0.4877384196185286
0.5208574533462524,0.7381443298969073,0.4877384196185286
0.5209317803382874,0.737603305785124,0.48637602179836514
0.5209850072860718,0.7370600414078675,0.48501362397820164
0.5209895372390747,0.7365145228215768,0.48365122615803813
0.5211017727851868,0.735966735966736,0.4822888283378747
0.5212109088897705,0.7354166666666667,0.48092643051771117
0.5212756395339966,0.7348643006263048,0.47956403269754766
0.5214169025421143,0.7343096234309623,0.4782016348773842
0.5215450525283813,0.7352941176470589,0.4768392370572207
0.5216301679611206,0.7368421052631579,0.4768392370572207
0.5217044353485107,0.7362869198312236,0.47547683923705725
0.5217671990394592,0.7357293868921776,0.47411444141689374
0.5219009518623352,0.7351694915254238,0.47275204359673023
0.5221142172813416,0.7346072186836518,0.4713896457765668
0.5221632122993469,0.7334754797441365,0.46866485013623976
0.5222964882850647,0.7350427350427351,0.46866485013623976
0.5223737359046936,0.7366167023554604,0.46866485013623976
0.522420346736908,0.7360515021459227,0.4673024523160763
0.5224229097366333,0.7376344086021506,0.4673024523160763
0.5227653980255127,0.7370689655172413,0.4659400544959128
0.5228158235549927,0.7365010799136069,0.4645776566757493
0.5230678915977478,0.7359307359307359,0.46321525885558584
0.5233883857727051,0.737527114967462,0.46321525885558584
0.5234059691429138,0.7369565217391304,0.46185286103542234
0.5234328508377075,0.7363834422657952,0.4604904632152589
0.5236860513687134,0.7358078602620087,0.4591280653950954
0.5237016677856445,0.7352297592997812,0.45776566757493187
0.5239550471305847,0.7346491228070176,0.4564032697547684
0.5239797234535217,0.734065934065934,0.4550408719346049
0.5240467190742493,0.73568281938326,0.4550408719346049
0.5243643522262573,0.734966592427617,0.44959128065395093
0.5244153738021851,0.7366071428571429,0.44959128065395093
0.5244787335395813,0.738255033557047,0.44959128065395093
0.5246105790138245,0.7376681614349776,0.4482288828337875
0.5246587991714478,0.7370786516853932,0.44686648501362397
0.5247664451599121,0.7364864864864865,0.44550408719346046
0.524774968624115,0.7381489841986456,0.44550408719346046
0.52492356300354,0.7398190045248869,0.44550408719346046
0.5250058174133301,0.7392290249433107,0.444141689373297
0.5250872373580933,0.740909090909091,0.444141689373297
0.5251954793930054,0.7403189066059226,0.4427792915531335
0.525383710861206,0.7397260273972602,0.44141689373297005
0.5254169702529907,0.7391304347826086,0.44005449591280654
0.5256701111793518,0.7408256880733946,0.44005449591280654
0.5256784558296204,0.7402298850574712,0.43869209809264303
0.5257362723350525,0.7419354838709677,0.43869209809264303
0.5259873270988464,0.74364896073903,0.43869209809264303
0.5260207056999207,0.7453703703703703,0.43869209809264303
0.5261303782463074,0.7447795823665894,0.4373297002724796
0.5263744592666626,0.7465116279069768,0.4373297002724796
0.5264186859130859,0.7482517482517482,0.4373297002724796
0.5264787673950195,0.7476635514018691,0.4359673024523161
0.5265166163444519,0.747072599531616,0.43460490463215257
0.5266806483268738,0.7464788732394366,0.4332425068119891
0.5267677307128906,0.7458823529411764,0.4318801089918256
0.5268782377243042,0.7476415094339622,0.4318801089918256
0.5269380807876587,0.7494089834515366,0.4318801089918256
0.5269801020622253,0.7488151658767772,0.4305177111716621
0.5270251035690308,0.7482185273159145,0.42915531335149865
0.5270704030990601,0.7476190476190476,0.42779291553133514
0.5270861983299255,0.7494033412887828,0.42779291553133514
0.5272024273872375,0.7511961722488039,0.42779291553133514
0.527265727519989,0.7529976019184652,0.42779291553133514
0.5273342728614807,0.7524038461538461,0.4264305177111717
0.5276831388473511,0.7518072289156627,0.4250681198910082
0.5276985168457031,0.751207729468599,0.42370572207084467
0.5278452634811401,0.7506053268765133,0.4223433242506812
0.5279064774513245,0.75,0.4209809264305177
0.5279124975204468,0.7493917274939172,0.4196185286103542
0.5281336903572083,0.751219512195122,0.4196185286103542
0.5281413793563843,0.7506112469437652,0.41825613079019075
0.5281996726989746,0.75,0.41689373297002724
0.5282546877861023,0.7493857493857494,0.41553133514986373
0.5288651585578918,0.7487684729064039,0.4141689373297003
0.5289087891578674,0.7481481481481481,0.4128065395095368
0.5289811491966248,0.749379652605459,0.4114441416893733
0.5290104746818542,0.7525,0.4100817438692098
0.5290553569793701,0.7518796992481203,0.4087193460490463
0.5291473865509033,0.7537688442211056,0.4087193460490463
0.5295229554176331,0.7531486146095718,0.40735694822888285
0.5296072363853455,0.7525252525252525,0.40599455040871935
0.5298866629600525,0.7544303797468355,0.40599455040871935
0.5299210548400879,0.7563451776649747,0.40599455040871935
0.5299233794212341,0.7557251908396947,0.40463215258855584
0.5299341082572937,0.7576530612244898,0.40463215258855584
0.5302026867866516,0.7570332480818415,0.4032697547683924
0.5303617119789124,0.7589743589743589,0.4032697547683924
0.5306179523468018,0.7628865979381443,0.4032697547683924
0.5306299328804016,0.7622739018087855,0.4019073569482289
0.5311098098754883,0.7616580310880829,0.40054495912806537
0.5312375426292419,0.7630208333333334,0.3991825613079019
0.531258761882782,0.762402088772846,0.3978201634877384
0.5312694311141968,0.7617801047120419,0.39645776566757496
0.5312739014625549,0.7611548556430446,0.39509536784741145
0.5313844680786133,0.7605263157894737,0.39373297002724794
0.5316608548164368,0.7598944591029023,0.3923705722070845
0.5317218899726868,0.7619047619047619,0.3923705722070845
0.5317443013191223,0.7639257294429708,0.3923705722070845
0.531807541847229,0.7626666666666667,0.3896457765667575
0.5319268703460693,0.7620320855614974,0.388283378746594
0.5320478677749634,0.7640750670241286,0.388283378746594
0.5321492552757263,0.7634408602150538,0.3869209809264305
0.5321865081787109,0.7628032345013477,0.385558583106267
0.5323192477226257,0.7648648648648648,0.385558583106267
0.5324921607971191,0.7669376693766937,0.385558583106267
0.5325855016708374,0.7690217391304348,0.385558583106267
0.5330190062522888,0.771117166212534,0.385558583106267
0.5334251523017883,0.773224043715847,0.385558583106267
0.5338810086250305,0.7753424657534247,0.385558583106267
0.5339956283569336,0.7747252747252747,0.38419618528610355
0.5341394543647766,0.7741046831955923,0.38283378746594005
0.5341484546661377,0.7762430939226519,0.38283378746594005
0.5343390703201294,0.775623268698061,0.3814713896457766
0.534526526927948,0.775,0.3801089918256131
0.534756600856781,0.7743732590529248,0.3787465940054496
0.5349588990211487,0.776536312849162,0.3787465940054496
0.535187840461731,0.7759103641456583,0.3773841961852861
0.5352351069450378,0.7752808988764045,0.3760217983651226
0.5353080034255981,0.7746478873239436,0.3746594005449591
0.5353854298591614,0.7768361581920904,0.3746594005449591
0.5354191660881042,0.7755681818181818,0.37193460490463215
0.535888671875,0.7749287749287749,0.37057220708446864
0.535894513130188,0.7771428571428571,0.37057220708446864
0.5360521078109741,0.7765042979942693,0.3692098092643052
0.5362148284912109,0.7780979827089337,0.3678474114441417
0.5362257361412048,0.7842565597667639,0.36648501362397823
0.5363326668739319,0.783625730994152,0.3651226158038147
0.5363609194755554,0.782991202346041,0.3637602179836512
0.5365421772003174,0.7810650887573964,0.35967302452316074
0.5366347432136536,0.7804154302670623,0.3583106267029973
0.5368403196334839,0.7827380952380952,0.3583106267029973
0.5368953347206116,0.7850746268656716,0.3583106267029973
0.5369607210159302,0.7874251497005988,0.3583106267029973
0.537018358707428,0.7867867867867868,0.3569482288828338
0.5371851921081543,0.786144578313253,0.3555858310626703
0.5371984839439392,0.7854984894259819,0.3542234332425068
0.5372001528739929,0.7848484848484848,0.3528610354223433
0.537388026714325,0.78419452887538,0.35149863760217986
0.5374082326889038,0.7835365853658537,0.35013623978201636
0.5374283194541931,0.7828746177370031,0.34877384196185285
0.5375144481658936,0.7852760736196319,0.34877384196185285
0.5375414490699768,0.7876923076923077,0.34877384196185285
0.5376504063606262,0.7870370370370371,0.3474114441416894
0.5376879572868347,0.7863777089783281,0.3460490463215259
0.5381757020950317,0.7857142857142857,0.3446866485013624
0.5383449792861938,0.7850467289719626,0.34332425068119893
0.5384250283241272,0.784375,0.3419618528610354
0.5384700894355774,0.7836990595611285,0.3405994550408719
0.5384823083877563,0.7854889589905363,0.33923705722070846
0.5385655164718628,0.7866242038216561,0.33651226158038144
0.5386970043182373,0.7859424920127795,0.335149863760218
0.539422869682312,0.7852564102564102,0.3337874659400545
0.5399313569068909,0.7845659163987139,0.33242506811989103
0.540033757686615,0.7838709677419354,0.3310626702997275
0.5400350093841553,0.7831715210355987,0.329700272479564
0.5404840707778931,0.7824675324675324,0.32833787465940056
0.541130781173706,0.7850162866449512,0.32833787465940056
0.5414943099021912,0.7875816993464052,0.32833787465940056
0.5416231155395508,0.7901639344262295,0.32833787465940056
0.541815996170044,0.7894736842105263,0.32697547683923706
0.5422641038894653,0.7913907284768212,0.32561307901907355
0.5428356528282166,0.7906976744186046,0.3242506811989101
0.5431597232818604,0.79,0.3228882833787466
0.5432491302490234,0.7892976588628763,0.3215258855585831
0.5432755947113037,0.7919463087248322,0.3215258855585831
0.5434842109680176,0.7912457912457912,0.3201634877384196
0.5437248945236206,0.7905405405405406,0.3188010899182561
0.5444279313087463,0.78839590443686,0.31471389645776565
0.5444319248199463,0.791095890410959,0.31471389645776565
0.544501543045044,0.7896551724137931,0.3119891008174387
0.5447812080383301,0.7923875432525952,0.3119891008174387
0.5451470017433167,0.7916666666666666,0.3106267029972752
0.5454143285751343,0.7909407665505227,0.30926430517711173
0.5454909205436707,0.7902097902097902,0.3079019073569482
0.5457032918930054,0.7894736842105263,0.3065395095367847
0.545890212059021,0.7922535211267606,0.3065395095367847
0.5458964705467224,0.7915194346289752,0.30517711171662126
0.5460606217384338,0.7907801418439716,0.30381471389645776
0.546134889125824,0.7935943060498221,0.30381471389645776
0.5463136434555054,0.7964285714285714,0.30381471389645776
0.5466974973678589,0.7956989247311828,0.3024523160762943
0.546798050403595,0.7949640287769785,0.3010899182561308
0.546872079372406,0.7978339350180506,0.3010899182561308
0.5479835867881775,0.8007246376811594,0.3010899182561308
0.5481023192405701,0.8,0.2997275204359673
0.5487467050552368,0.7992700729927007,0.29836512261580383
0.5491676926612854,0.7985347985347986,0.2970027247956403
0.5493611693382263,0.7977941176470589,0.2956403269754768
0.5497258305549622,0.8007380073800738,0.2956403269754768
0.54988694190979,0.7992565055762082,0.29291553133514986
0.5502195954322815,0.7985074626865671,0.29155313351498635
0.5505931973457336,0.797752808988764,0.2901907356948229
0.5512992739677429,0.7962264150943397,0.28746594005449594
0.5520162582397461,0.7992424242424242,0.28746594005449594
0.5528891086578369,0.7984790874524715,0.28610354223433243
0.5532442331314087,0.7977099236641222,0.2847411444141689
0.5537525415420532,0.7992277992277992,0.28201634877384196
0.5544639229774475,0.7984496124031008,0.28065395095367845
0.5550106167793274,0.7976653696498055,0.279291553133515
0.5550453662872314,0.796875,0.2779291553133515
0.5552805066108704,0.796078431372549,0.276566757493188
0.5553359985351562,0.7952755905511811,0.27520435967302453
0.5569683313369751,0.7944664031620553,0.273841961852861
0.5569903254508972,0.7976190476190477,0.273841961852861
0.5570431351661682,0.796812749003984,0.2724795640326976
0.5577688217163086,0.796,0.27111716621253407
0.5587712526321411,0.7951807228915663,0.26975476839237056
0.5589154958724976,0.7943548387096774,0.2683923705722071
0.5591385364532471,0.7935222672064778,0.2670299727520436
0.5592879056930542,0.7926829268292683,0.2656675749318801
0.5594844818115234,0.7918367346938775,0.26430517711171664
0.5598417520523071,0.7909836065573771,0.26294277929155313
0.561403214931488,0.7901234567901234,0.2615803814713896
0.5614300966262817,0.7892561983471075,0.26021798365122617
0.5618078708648682,0.7883817427385892,0.25885558583106266
0.5624929666519165,0.7907949790794979,0.2574931880108992
0.5631150603294373,0.7899159663865546,0.2561307901907357
0.5632985830307007,0.7890295358649789,0.2547683923705722
0.5637154579162598,0.788135593220339,0.25340599455040874
0.5641977787017822,0.7872340425531915,0.25204359673024523
0.5649511814117432,0.7863247863247863,0.2506811989100817
0.5653627514839172,0.7854077253218884,0.24931880108991825
0.5656314492225647,0.7844827586206896,0.24795640326975477
0.5657011866569519,0.7835497835497836,0.24659400544959129
0.5657016634941101,0.782608695652174,0.2452316076294278
0.5659132599830627,0.7816593886462883,0.2438692098092643
0.566602885723114,0.7850877192982456,0.2438692098092643
0.5667758584022522,0.7841409691629956,0.24250681198910082
0.5673034191131592,0.7831858407079646,0.24114441416893734
0.5681614279747009,0.7822222222222223,0.23978201634877383
0.5681713819503784,0.7857142857142857,0.23978201634877383
0.5685229301452637,0.7892376681614349,0.23978201634877383
0.5689170956611633,0.7882882882882883,0.23841961852861035
0.5698893070220947,0.7873303167420814,0.23705722070844687
0.5702922940254211,0.7863636363636364,0.2356948228882834
0.5711557269096375,0.7853881278538812,0.23433242506811988
0.5721222758293152,0.7844036697247706,0.2329700272479564
0.5721496343612671,0.783410138248848,0.23160762942779292
0.5725155472755432,0.7870370370370371,0.23160762942779292
0.5729891061782837,0.7906976744186046,0.23160762942779292
0.5729895830154419,0.7897196261682243,0.23024523160762944
0.5733153820037842,0.7934272300469484,0.23024523160762944
0.5737339854240417,0.7971698113207547,0.23024523160762944
0.5739773511886597,0.7962085308056872,0.22888283378746593
0.5745208859443665,0.8,0.22888283378746593
0.5749520063400269,0.8028846153846154,0.22752043596730245
0.5753403902053833,0.8019323671497585,0.22615803814713897
0.5763328075408936,0.8009708737864077,0.22479564032697547
0.5766431093215942,0.8,0.22343324250681199
0.5774987936019897,0.7980295566502463,0.22070844686648503
0.577517569065094,0.801980198019802,0.22070844686648503
0.5782708525657654,0.8059701492537313,0.22070844686648503
0.5782835483551025,0.805,0.21934604904632152
0.5783738493919373,0.8040201005025126,0.21798365122615804
0.5788459181785583,0.803030303030303,0.21662125340599456
0.5788995623588562,0.8071065989847716,0.21662125340599456
0.5789694786071777,0.8061224489795918,0.21525885558583105
0.5791568756103516,0.8051282051282052,0.21389645776566757
0.5797418355941772,0.8092783505154639,0.21389645776566757
0.5799798369407654,0.8134715025906736,0.21389645776566757
0.5800237655639648,0.8125,0.2125340599455041
0.5808691382408142,0.8115183246073299,0.2111716621253406
0.5809406042098999,0.8157894736842105,0.2111716621253406
0.5809532999992371,0.8148148148148148,0.2098092643051771
0.5812090039253235,0.8138297872340425,0.20844686648501362
0.5822259187698364,0.8128342245989305,0.20708446866485014
0.5823071002960205,0.8118279569892473,0.20572207084468666
0.5824061036109924,0.8108108108108109,0.20435967302452315
0.5829357504844666,0.8097826086956522,0.20299727520435967
0.5842666625976562,0.8087431693989071,0.2016348773841962
0.585258960723877,0.8076923076923077,0.20027247956403268
0.586357057094574,0.8066298342541437,0.1989100817438692
0.5865463018417358,0.8055555555555556,0.19754768392370572
0.5878139138221741,0.8044692737430168,0.19618528610354224
0.5880527496337891,0.8033707865168539,0.19482288828337874
0.5897746682167053,0.807909604519774,0.19482288828337874
0.5902576446533203,0.8125,0.19482288828337874
0.5905817747116089,0.8171428571428572,0.19482288828337874
0.5906851887702942,0.8160919540229885,0.19346049046321526
0.5938802361488342,0.815028901734104,0.19209809264305178
0.5950353145599365,0.813953488372093,0.1907356948228883
0.5962944030761719,0.8128654970760234,0.1893732970027248
0.5963459610939026,0.8165680473372781,0.1880108991825613
0.5978376269340515,0.8214285714285714,0.1880108991825613
0.5983909964561462,0.8192771084337349,0.18528610354223432
0.5988029837608337,0.8181818181818182,0.18392370572207084
0.5990152359008789,0.8170731707317073,0.18256130790190736
0.5997215509414673,0.8159509202453987,0.18119891008174388
0.6004486083984375,0.8148148148148148,0.17983651226158037
0.6007529497146606,0.8198757763975155,0.17983651226158037
0.6009671092033386,0.825,0.17983651226158037
0.6015475988388062,0.8301886792452831,0.17983651226158037
0.6021669507026672,0.8354430379746836,0.17983651226158037
0.6022694110870361,0.8343949044585988,0.1784741144414169
0.6042880415916443,0.8333333333333334,0.1771117166212534
0.6043241024017334,0.832258064516129,0.17574931880108993
0.6044961214065552,0.8311688311688312,0.17438692098092642
0.6054490804672241,0.8366013071895425,0.17438692098092642
0.6054866909980774,0.8355263157894737,0.17302452316076294
0.6056300401687622,0.8344370860927153,0.17166212534059946
0.6089312434196472,0.8333333333333334,0.17029972752043596
0.6090547442436218,0.8322147651006712,0.16893732970027248
0.6094515323638916,0.831081081081081,0.167574931880109
0.6100010871887207,0.8299319727891157,0.16621253405994552
0.6103421449661255,0.8287671232876712,0.164850136239782
0.6112505793571472,0.8344827586206897,0.164850136239782
0.6113830208778381,0.8333333333333334,0.16348773841961853
0.6117112636566162,0.8321678321678322,0.16212534059945505
0.6117495894432068,0.8309859154929577,0.16076294277929154
0.6118685603141785,0.8297872340425532,0.15940054495912806
0.6119314432144165,0.8285714285714286,0.15803814713896458
0.6124057769775391,0.8273381294964028,0.1566757493188011
0.6126806139945984,0.8260869565217391,0.1553133514986376
0.6131017208099365,0.8321167883211679,0.1553133514986376
0.6135661602020264,0.8308823529411765,0.1539509536784741
0.6136887073516846,0.8296296296296296,0.15258855585831063
0.6141682267189026,0.835820895522388,0.15258855585831063
0.6147000789642334,0.8345864661654135,0.15122615803814715
0.6156495213508606,0.8333333333333334,0.14986376021798364
0.6157963275909424,0.8320610687022901,0.14850136239782016
0.6158385872840881,0.8307692307692308,0.14713896457765668
0.6158737540245056,0.8294573643410853,0.14577656675749318
0.6170573234558105,0.828125,0.1444141689373297
0.6173222661018372,0.8267716535433071,0.14305177111716622
0.6180809140205383,0.8333333333333334,0.14305177111716622
0.6193847060203552,0.832,0.14168937329700274
0.6195395588874817,0.8387096774193549,0.14168937329700274
0.619572639465332,0.8373983739837398,0.14032697547683923
0.6200034618377686,0.8442622950819673,0.14032697547683923
0.6203941702842712,0.8512396694214877,0.14032697547683923
0.6209926009178162,0.85,0.13896457765667575
0.6211329698562622,0.8571428571428571,0.13896457765667575
0.622904360294342,0.8559322033898306,0.13760217983651227
0.6237701177597046,0.8547008547008547,0.1362397820163488
0.6238740086555481,0.853448275862069,0.13487738419618528
0.6239171624183655,0.8521739130434782,0.1335149863760218
0.6243929266929626,0.8508771929824561,0.13215258855585832
0.6251844167709351,0.8495575221238938,0.1307901907356948
0.6253233551979065,0.8482142857142857,0.12942779291553133
0.6257882118225098,0.8468468468468469,0.12806539509536785
0.6261619925498962,0.8454545454545455,0.12670299727520437
0.6267246007919312,0.8440366972477065,0.12534059945504086
0.6268123388290405,0.8425925925925926,0.12397820163487738
0.6281200647354126,0.8411214953271028,0.1226158038147139
0.6281870603561401,0.839622641509434,0.12125340599455041
0.628482460975647,0.8380952380952381,0.11989100817438691
0.6293880939483643,0.8461538461538461,0.11989100817438691
0.6304652094841003,0.8446601941747572,0.11852861035422343
0.6305001378059387,0.8431372549019608,0.11716621253405994
0.6310113668441772,0.8415841584158416,0.11580381471389646
0.6318739652633667,0.84,0.11444141689373297
0.6320462822914124,0.8484848484848485,0.11444141689373297
0.632724404335022,0.8469387755102041,0.11307901907356949
0.6342917680740356,0.845360824742268,0.11171662125340599
0.6346994638442993,0.84375,0.11035422343324251
0.6352911591529846,0.8526315789473684,0.11035422343324251
0.6360859870910645,0.8617021276595744,0.11035422343324251
0.6361607909202576,0.8602150537634409,0.10899182561307902
0.6364271640777588,0.8586956521739131,0.10762942779291552
0.637624979019165,0.8555555555555555,0.10490463215258855
0.638674259185791,0.8522727272727273,0.10217983651226158
0.639613687992096,0.8505747126436781,0.1008174386920981
0.6396387815475464,0.8690476190476191,0.0994550408719346
0.6397313475608826,0.8795180722891566,0.0994550408719346
0.6401001811027527,0.8780487804878049,0.09809264305177112
0.6401797533035278,0.8888888888888888,0.09809264305177112
0.6405038237571716,0.8875,0.09673024523160763
0.6412895321846008,0.8860759493670886,0.09536784741144415
0.6413511037826538,0.8846153846153846,0.09400544959128065
0.6416251063346863,0.8831168831168831,0.09264305177111716
0.6417079567909241,0.881578947368421,0.09128065395095368
0.6418030261993408,0.88,0.08991825613079019
0.6420578360557556,0.8783783783783784,0.0885558583106267
0.6420976519584656,0.8904109589041096,0.0885558583106267
0.6421055197715759,0.8888888888888888,0.08719346049046321
0.6421811580657959,0.8873239436619719,0.08583106267029973
0.6428473591804504,0.8857142857142857,0.08446866485013624
0.6430142521858215,0.8840579710144928,0.08310626702997276
0.6430590152740479,0.8823529411764706,0.08174386920980926
0.643513560295105,0.8805970149253731,0.08038147138964577
0.6446199417114258,0.8787878787878788,0.07901907356948229
0.6454649567604065,0.8769230769230769,0.0776566757493188
0.6472837924957275,0.890625,0.0776566757493188
0.6473270654678345,0.9047619047619048,0.0776566757493188
0.6477155685424805,0.9032258064516129,0.07629427792915532
0.6482589840888977,0.9180327868852459,0.07629427792915532
0.6486610770225525,0.9166666666666666,0.07493188010899182
0.6487517356872559,0.9152542372881356,0.07356948228882834
0.6488053798675537,0.9137931034482759,0.07220708446866485
0.6496602892875671,0.9122807017543859,0.07084468664850137
0.6499609351158142,0.9107142857142857,0.06948228882833787
0.6512776613235474,0.9090909090909091,0.0681198910081744
0.6516555547714233,0.9074074074074074,0.0667574931880109
0.6519804000854492,0.9056603773584906,0.0653950953678474
0.6525654792785645,0.9038461538461539,0.06403269754768393
0.6525745987892151,0.9019607843137255,0.06267029972752043
0.6526174545288086,0.9,0.06130790190735695
0.6533419489860535,0.8979591836734694,0.05994550408719346
0.6535416841506958,0.8958333333333334,0.05858310626702997
0.653809666633606,0.9148936170212766,0.05858310626702997
0.6542157530784607,0.9347826086956522,0.05858310626702997
0.6545401215553284,0.9333333333333333,0.05722070844686648
0.6560288667678833,0.9318181818181818,0.055858310626702996
0.6565619707107544,0.9302325581395349,0.05449591280653951
0.6572192907333374,0.9285714285714286,0.05313351498637602
0.6577468514442444,0.925,0.05040871934604905
0.6580890417098999,0.9230769230769231,0.04904632152588556
0.6591315865516663,0.9210526315789473,0.047683923705722074
0.6592182517051697,0.918918918918919,0.04632152588555858
0.6592562794685364,0.9166666666666666,0.04495912806539509
0.6604368090629578,0.9142857142857143,0.043596730245231606
0.6604663133621216,0.9117647058823529,0.04223433242506812
0.6607911586761475,0.9090909090909091,0.04087193460490463
0.6608037948608398,0.90625,0.039509536784741145
0.6613513231277466,0.9032258064516129,0.03814713896457766
0.6615132093429565,0.9333333333333333,0.03814713896457766
0.661589503288269,0.9655172413793104,0.03814713896457766
0.6619327664375305,0.9642857142857143,0.03678474114441417
0.6619331240653992,1.0,0.03678474114441417
0.6620151996612549,1.0,0.035422343324250684
0.6627222299575806,1.0,0.0340599455040872
0.6627303957939148,1.0,0.0326975476839237
0.6630347371101379,1.0,0.031335149863760216
0.6631695628166199,1.0,0.02997275204359673
0.6639992594718933,1.0,0.027247956403269755
0.664738118648529,1.0,0.025885558583106268
0.6665681600570679,1.0,0.02452316076294278
0.6694812178611755,1.0,0.02316076294277929
0.6716915369033813,1.0,0.021798365122615803
0.6727829575538635,1.0,0.020435967302452316
0.6750453114509583,1.0,0.01907356948228883
0.6793664693832397,1.0,0.017711171662125342
0.679448127746582,1.0,0.01634877384196185
0.6825928688049316,1.0,0.014986376021798364
0.6873936057090759,1.0,0.013623978201634877
0.6968364119529724,1.0,0.009536784741144414
0.6968816518783569,1.0,0.008174386920980926
0.700577974319458,1.0,0.006811989100817439
0.706267237663269,1.0,0.004087193460490463
0.7095618844032288,1.0,0.0027247956403269754
0.7114201784133911,1.0,0.0013623978201634877
1.0,1.0,0.0
